[
  {
    "id": "4c63faea-0bc0-498c-a581-ff727ba2a6dd",
    "data": [
      {
        "text": "type",
        "userDefined": false
      }
    ],
    "isTemplate": false,
    "count": 0,
    "lang": "en",
    "updated": 0
  },
  {
    "id": "7fb4d50e-80ca-47ee-9455-924adef2f4ac",
    "data": [
      {
        "text": "type of cake",
        "userDefined": false
      }
    ],
    "isTemplate": false,
    "count": 0,
    "lang": "en",
    "updated": 0
  },
  {
    "id": "b5c793b0-b210-4df9-8194-39dbabe6fcff",
    "data": [
      {
        "text": "cake type",
        "userDefined": false
      }
    ],
    "isTemplate": false,
    "count": 0,
    "lang": "en",
    "updated": 0
  },
  {
    "id": "2df27fac-ed72-4e09-ba31-051ce0a03fb4",
    "data": [
      {
        "text": "cake",
        "userDefined": false
      }
    ],
    "isTemplate": false,
    "count": 0,
    "lang": "en",
    "updated": 0
  }
]