[
  {
    "id": "5581758e-7375-4b9f-92b6-1414af1fa81b",
    "data": [
      {
        "text": "8pm",
        "meta": "@sys.time",
        "alias": "time",
        "userDefined": false
      }
    ],
    "isTemplate": false,
    "count": 0,
    "lang": "en",
    "updated": 0
  },
  {
    "id": "94b498ce-e0c4-44af-9db6-afa4feff2c93",
    "data": [
      {
        "text": "10am",
        "meta": "@sys.time",
        "alias": "time",
        "userDefined": false
      }
    ],
    "isTemplate": false,
    "count": 0,
    "lang": "en",
    "updated": 0
  }
]