[
  {
    "id": "d8a96f33-1d61-4ec7-b9a5-4a17893cdb97",
    "data": [
      {
        "text": "any",
        "meta": "@TypeOfCake",
        "alias": "TypeOfCake",
        "userDefined": false
      }
    ],
    "isTemplate": false,
    "count": 0,
    "lang": "en",
    "updated": 0
  },
  {
    "id": "cb4e98f4-65b4-451c-b506-362b9805119a",
    "data": [
      {
        "text": "chocolate",
        "meta": "@TypeOfCake",
        "alias": "TypeOfCake",
        "userDefined": false
      },
      {
        "text": " cake",
        "userDefined": false
      }
    ],
    "isTemplate": false,
    "count": 0,
    "lang": "en",
    "updated": 0
  },
  {
    "id": "592b47ba-73a3-4a4f-bec2-ac574f7b8ba3",
    "data": [
      {
        "text": "cheese",
        "meta": "@TypeOfCake",
        "alias": "TypeOfCake",
        "userDefined": false
      }
    ],
    "isTemplate": false,
    "count": 0,
    "lang": "en",
    "updated": 0
  },
  {
    "id": "c993678d-14e9-4289-98bd-8614b1a71dec",
    "data": [
      {
        "text": "vanilla",
        "meta": "@TypeOfCake",
        "alias": "TypeOfCake",
        "userDefined": false
      }
    ],
    "isTemplate": false,
    "count": 0,
    "lang": "en",
    "updated": 0
  }
]