[
  {
    "id": "5c7f98af-5c64-48d9-9b51-8f7691c00148",
    "data": [
      {
        "text": "instruct me",
        "userDefined": false
      }
    ],
    "isTemplate": false,
    "count": 0,
    "lang": "en",
    "updated": 0
  },
  {
    "id": "77e2e0b5-2c4c-4e8d-8305-3edff55456db",
    "data": [
      {
        "text": "train me",
        "userDefined": false
      }
    ],
    "isTemplate": false,
    "count": 0,
    "lang": "en",
    "updated": 0
  },
  {
    "id": "07f2b6c8-ed09-4dba-944c-49bcde5d7b62",
    "data": [
      {
        "text": "teach me",
        "userDefined": false
      }
    ],
    "isTemplate": false,
    "count": 0,
    "lang": "en",
    "updated": 0
  },
  {
    "id": "db4fe94e-26d1-4054-bfd4-254be5cbf97a",
    "data": [
      {
        "text": "what can you do for me",
        "userDefined": false
      }
    ],
    "isTemplate": false,
    "count": 0,
    "lang": "en",
    "updated": 0
  },
  {
    "id": "284bb8e2-86fe-4158-8dfa-111051c94bef",
    "data": [
      {
        "text": "what can you do",
        "userDefined": false
      }
    ],
    "isTemplate": false,
    "count": 0,
    "lang": "en",
    "updated": 0
  },
  {
    "id": "e8304e6e-76de-4965-872e-1d52aa24832f",
    "data": [
      {
        "text": "tell me about yourself",
        "userDefined": false
      }
    ],
    "isTemplate": false,
    "count": 0,
    "lang": "en",
    "updated": 0
  },
  {
    "id": "577f4001-af74-45c5-b645-19e3d54cc2cd",
    "data": [
      {
        "text": "what do you do",
        "userDefined": false
      }
    ],
    "isTemplate": false,
    "count": 0,
    "lang": "en",
    "updated": 0
  },
  {
    "id": "967c603a-37a6-45b6-be45-4869dd0fd683",
    "data": [
      {
        "text": "guide me",
        "userDefined": false
      }
    ],
    "isTemplate": false,
    "count": 0,
    "lang": "en",
    "updated": 0
  },
  {
    "id": "9d78fa76-8c72-4a70-8a61-541f040b45b8",
    "data": [
      {
        "text": "help",
        "userDefined": false
      }
    ],
    "isTemplate": false,
    "count": 0,
    "lang": "en",
    "updated": 0
  }
]