[
  {
    "id": "6bace581-97ee-487d-b936-475fc5c835f6",
    "data": [
      {
        "text": "schedule a new order",
        "userDefined": false
      }
    ],
    "isTemplate": false,
    "count": 0,
    "lang": "en",
    "updated": 0
  },
  {
    "id": "493d75bf-672f-45f7-a330-cc2596861b89",
    "data": [
      {
        "text": "schedule a cake delivery at ",
        "userDefined": false
      },
      {
        "text": "7pm",
        "meta": "@sys.time",
        "alias": "time",
        "userDefined": false
      }
    ],
    "isTemplate": false,
    "count": 0,
    "lang": "en",
    "updated": 0
  },
  {
    "id": "7143b9dd-7b12-4eb6-9662-8d60e5d80ec8",
    "data": [
      {
        "text": "schedule a cake delivery on ",
        "userDefined": false
      },
      {
        "text": "28 August",
        "meta": "@sys.date",
        "alias": "date",
        "userDefined": false
      }
    ],
    "isTemplate": false,
    "count": 0,
    "lang": "en",
    "updated": 0
  },
  {
    "id": "bda98b9a-a2c0-42b8-824d-2579df130e69",
    "data": [
      {
        "text": "delivery of cake by ",
        "userDefined": false
      },
      {
        "text": "10 pm",
        "meta": "@sys.time",
        "alias": "time",
        "userDefined": false
      }
    ],
    "isTemplate": false,
    "count": 0,
    "lang": "en",
    "updated": 0
  },
  {
    "id": "891da6f5-ed8c-4744-958b-19f7dbce7838",
    "data": [
      {
        "text": "delivery of cake on ",
        "userDefined": false
      },
      {
        "text": "24 August",
        "meta": "@sys.date",
        "alias": "date",
        "userDefined": false
      }
    ],
    "isTemplate": false,
    "count": 0,
    "lang": "en",
    "updated": 0
  },
  {
    "id": "67fef272-6791-48f3-a3f1-22bf9142c5eb",
    "data": [
      {
        "text": "order of cake on ",
        "userDefined": false
      },
      {
        "text": "25 August",
        "meta": "@sys.date",
        "alias": "date",
        "userDefined": false
      }
    ],
    "isTemplate": false,
    "count": 0,
    "lang": "en",
    "updated": 0
  },
  {
    "id": "73a449b7-9ae5-4af0-996e-4b87e39982ac",
    "data": [
      {
        "text": "new delivery",
        "userDefined": false
      }
    ],
    "isTemplate": false,
    "count": 0,
    "lang": "en",
    "updated": 0
  },
  {
    "id": "3eae72c0-751d-4ba6-a8fe-75a513d688db",
    "data": [
      {
        "text": "vanilla",
        "meta": "@TypeOfCake",
        "alias": "TypeOfCake",
        "userDefined": false
      },
      {
        "text": " cake order",
        "userDefined": false
      }
    ],
    "isTemplate": false,
    "count": 0,
    "lang": "en",
    "updated": 0
  },
  {
    "id": "7415eb04-4b83-4870-bc14-22ea5c440af2",
    "data": [
      {
        "text": "cake at ",
        "userDefined": false
      },
      {
        "text": "10 pm",
        "meta": "@sys.time",
        "alias": "time",
        "userDefined": false
      }
    ],
    "isTemplate": false,
    "count": 0,
    "lang": "en",
    "updated": 0
  },
  {
    "id": "cfdba33b-3a8f-432f-bc83-a571c77bbf6b",
    "data": [
      {
        "text": "cheese",
        "meta": "@TypeOfCake",
        "alias": "TypeOfCake",
        "userDefined": false
      },
      {
        "text": " cake delivery",
        "userDefined": false
      }
    ],
    "isTemplate": false,
    "count": 0,
    "lang": "en",
    "updated": 0
  },
  {
    "id": "0e9e7f7f-a068-448d-befe-6c854c1fd0fc",
    "data": [
      {
        "text": "book ",
        "userDefined": false
      },
      {
        "text": "2pm",
        "meta": "@sys.time",
        "alias": "time",
        "userDefined": false
      },
      {
        "text": " ",
        "userDefined": false
      },
      {
        "text": "tomorrow",
        "meta": "@sys.date",
        "alias": "date",
        "userDefined": false
      },
      {
        "text": " for ",
        "userDefined": false
      },
      {
        "text": "chocolate",
        "meta": "@TypeOfCake",
        "alias": "TypeOfCake",
        "userDefined": false
      },
      {
        "text": " cake",
        "userDefined": false
      }
    ],
    "isTemplate": false,
    "count": 0,
    "lang": "en",
    "updated": 0
  },
  {
    "id": "a901407f-c9ef-4003-93a6-3673611245e1",
    "data": [
      {
        "text": "new order",
        "userDefined": false
      }
    ],
    "isTemplate": false,
    "count": 0,
    "lang": "en",
    "updated": 0
  },
  {
    "id": "27fcdb31-9680-4099-a890-3251954764f4",
    "data": [
      {
        "text": "cake delivery order",
        "userDefined": false
      }
    ],
    "isTemplate": false,
    "count": 0,
    "lang": "en",
    "updated": 0
  },
  {
    "id": "5b4c9c0e-3059-4244-a2a3-56dab7c91ddb",
    "data": [
      {
        "text": "Set the delivery time of ",
        "userDefined": false
      },
      {
        "text": "chocolate",
        "meta": "@TypeOfCake",
        "alias": "TypeOfCake",
        "userDefined": false
      },
      {
        "text": " cake at ",
        "userDefined": false
      },
      {
        "text": "8pm",
        "meta": "@sys.time",
        "alias": "time",
        "userDefined": false
      },
      {
        "text": " ",
        "userDefined": false
      },
      {
        "text": "tomorrow",
        "meta": "@sys.date",
        "alias": "date",
        "userDefined": false
      }
    ],
    "isTemplate": false,
    "count": 0,
    "lang": "en",
    "updated": 0
  },
  {
    "id": "c9d41b99-677b-4497-b4bb-338bfc74afd5",
    "data": [
      {
        "text": "schedule cake delivery",
        "userDefined": false
      }
    ],
    "isTemplate": false,
    "count": 0,
    "lang": "en",
    "updated": 0
  },
  {
    "id": "d6388293-af5e-44e2-8a57-cfae40b173b5",
    "data": [
      {
        "text": "new cake order",
        "userDefined": false
      }
    ],
    "isTemplate": false,
    "count": 0,
    "lang": "en",
    "updated": 0
  },
  {
    "id": "355157c1-0908-4323-a287-747f4f0e20f2",
    "data": [
      {
        "text": "order to deliver by ",
        "userDefined": false
      },
      {
        "text": "5pm",
        "meta": "@sys.time",
        "alias": "time",
        "userDefined": false
      },
      {
        "text": " on ",
        "userDefined": false
      },
      {
        "text": "22 August",
        "meta": "@sys.date",
        "alias": "date",
        "userDefined": false
      },
      {
        "text": " of ",
        "userDefined": false
      },
      {
        "text": "chocolate",
        "meta": "@TypeOfCake",
        "alias": "TypeOfCake",
        "userDefined": false
      },
      {
        "text": " cake",
        "userDefined": false
      }
    ],
    "isTemplate": false,
    "count": 0,
    "lang": "en",
    "updated": 0
  },
  {
    "id": "6dc49d67-ce0a-4586-821e-4fbc2929b36c",
    "data": [
      {
        "text": "new order of ",
        "userDefined": false
      },
      {
        "text": "any",
        "meta": "@TypeOfCake",
        "alias": "TypeOfCake",
        "userDefined": false
      },
      {
        "text": " cake by ",
        "userDefined": false
      },
      {
        "text": "10 pm",
        "meta": "@sys.time",
        "alias": "time",
        "userDefined": false
      },
      {
        "text": " ",
        "userDefined": false
      },
      {
        "text": "tomorrow",
        "meta": "@sys.date",
        "alias": "date",
        "userDefined": false
      }
    ],
    "isTemplate": false,
    "count": 0,
    "lang": "en",
    "updated": 0
  },
  {
    "id": "c031f6e9-58ca-4264-9de1-4b2f65d1218d",
    "data": [
      {
        "text": "vanilla",
        "meta": "@TypeOfCake",
        "alias": "TypeOfCake",
        "userDefined": false
      },
      {
        "text": " cake at ",
        "userDefined": false
      },
      {
        "text": "6pm",
        "meta": "@sys.time",
        "alias": "time",
        "userDefined": false
      },
      {
        "text": " ",
        "userDefined": false
      },
      {
        "text": "today",
        "meta": "@sys.date",
        "alias": "date",
        "userDefined": false
      }
    ],
    "isTemplate": false,
    "count": 0,
    "lang": "en",
    "updated": 0
  },
  {
    "id": "b02d2590-c8e0-4444-bf07-cd2ac4262d45",
    "data": [
      {
        "text": "order of ",
        "userDefined": false
      },
      {
        "text": "chocolate",
        "meta": "@TypeOfCake",
        "alias": "TypeOfCake",
        "userDefined": false
      },
      {
        "text": " cake for ",
        "userDefined": false
      },
      {
        "text": "3pm",
        "meta": "@sys.time",
        "alias": "time",
        "userDefined": false
      },
      {
        "text": " on ",
        "userDefined": false
      },
      {
        "text": "28 August",
        "meta": "@sys.date",
        "alias": "date",
        "userDefined": false
      }
    ],
    "isTemplate": false,
    "count": 0,
    "lang": "en",
    "updated": 0
  },
  {
    "id": "1f4fabc6-1449-4c9b-a1a8-c8f47db7699d",
    "data": [
      {
        "text": "deliver order by ",
        "userDefined": false
      },
      {
        "text": "7pm",
        "meta": "@sys.time",
        "alias": "time",
        "userDefined": true
      },
      {
        "text": " ",
        "userDefined": false
      },
      {
        "text": "tonight",
        "meta": "@sys.date",
        "alias": "date",
        "userDefined": false
      },
      {
        "text": " of ",
        "userDefined": false
      },
      {
        "text": "cheese",
        "meta": "@TypeOfCake",
        "alias": "TypeOfCake",
        "userDefined": false
      },
      {
        "text": " cake",
        "userDefined": false
      }
    ],
    "isTemplate": false,
    "count": 0,
    "lang": "en",
    "updated": 0
  },
  {
    "id": "490bfce7-a617-454a-9685-57e914d4f0f4",
    "data": [
      {
        "text": "schedule a delivery of ",
        "userDefined": false
      },
      {
        "text": "chocolate",
        "meta": "@TypeOfCake",
        "alias": "TypeOfCake",
        "userDefined": false
      },
      {
        "text": " cake by ",
        "userDefined": false
      },
      {
        "text": "10 pm",
        "meta": "@sys.time",
        "alias": "time",
        "userDefined": false
      },
      {
        "text": " on ",
        "userDefined": false
      },
      {
        "text": "Wednesday",
        "meta": "@sys.date",
        "alias": "date",
        "userDefined": false
      }
    ],
    "isTemplate": false,
    "count": 0,
    "lang": "en",
    "updated": 0
  },
  {
    "id": "949d2fa2-2e6c-430a-865b-0f75333e69de",
    "data": [
      {
        "text": "new order of ",
        "userDefined": false
      },
      {
        "text": "vanilla",
        "meta": "@TypeOfCake",
        "alias": "TypeOfCake",
        "userDefined": true
      },
      {
        "text": " cake for ",
        "userDefined": false
      },
      {
        "text": "tomorrow",
        "meta": "@sys.date",
        "alias": "date",
        "userDefined": false
      },
      {
        "text": " at ",
        "userDefined": false
      },
      {
        "text": "9am",
        "meta": "@sys.time",
        "alias": "time",
        "userDefined": false
      }
    ],
    "isTemplate": false,
    "count": 0,
    "lang": "en",
    "updated": 0
  },
  {
    "id": "d4e671e0-daf9-41ca-972f-cfade023afdd",
    "data": [
      {
        "text": "order of ",
        "userDefined": false
      },
      {
        "text": "vanilla",
        "meta": "@TypeOfCake",
        "alias": "TypeOfCake",
        "userDefined": false
      },
      {
        "text": " cake delivery by ",
        "userDefined": false
      },
      {
        "text": "9pm",
        "meta": "@sys.time",
        "alias": "time",
        "userDefined": false
      },
      {
        "text": " ",
        "userDefined": false
      },
      {
        "text": "today",
        "meta": "@sys.date",
        "alias": "date",
        "userDefined": false
      }
    ],
    "isTemplate": false,
    "count": 0,
    "lang": "en",
    "updated": 0
  },
  {
    "id": "dfb247d1-5bc7-4898-b2eb-bf64ed496296",
    "data": [
      {
        "text": "schedule ",
        "userDefined": false
      },
      {
        "text": "cheese",
        "meta": "@TypeOfCake",
        "alias": "TypeOfCake",
        "userDefined": false
      },
      {
        "text": " cake delivery at ",
        "userDefined": false
      },
      {
        "text": "4pm",
        "meta": "@sys.time",
        "alias": "time",
        "userDefined": false
      },
      {
        "text": " on ",
        "userDefined": false
      },
      {
        "text": "August 24",
        "meta": "@sys.date",
        "alias": "date",
        "userDefined": false
      }
    ],
    "isTemplate": false,
    "count": 0,
    "lang": "en",
    "updated": 0
  },
  {
    "id": "fb2fcf01-4644-4042-bfcc-90eb637377e9",
    "data": [
      {
        "text": "any",
        "meta": "@TypeOfCake",
        "alias": "TypeOfCake",
        "userDefined": false
      },
      {
        "text": " cake on ",
        "userDefined": false
      },
      {
        "text": "23 August",
        "meta": "@sys.date",
        "alias": "date",
        "userDefined": false
      },
      {
        "text": " at ",
        "userDefined": false
      },
      {
        "text": "10 am",
        "meta": "@sys.time",
        "alias": "time",
        "userDefined": false
      }
    ],
    "isTemplate": false,
    "count": 0,
    "lang": "en",
    "updated": 0
  },
  {
    "id": "3273508b-983e-45c2-b83d-cd2c7c370c38",
    "data": [
      {
        "text": "chocolate",
        "meta": "@TypeOfCake",
        "alias": "TypeOfCake",
        "userDefined": true
      },
      {
        "text": " cake at ",
        "userDefined": false
      },
      {
        "text": "8 pm",
        "meta": "@sys.time",
        "alias": "time",
        "userDefined": true
      },
      {
        "text": " on ",
        "userDefined": false
      },
      {
        "text": "22 August",
        "meta": "@sys.date",
        "alias": "date",
        "userDefined": true
      }
    ],
    "isTemplate": false,
    "count": 0,
    "lang": "en",
    "updated": 0
  }
]