[
  {
    "id": "8306bfca-61b8-4219-b066-9056678aae38",
    "data": [
      {
        "text": "close app",
        "userDefined": false
      }
    ],
    "isTemplate": false,
    "count": 0,
    "lang": "en",
    "updated": 0
  },
  {
    "id": "c190bc9d-d495-45ac-a9ab-570338ebb1b6",
    "data": [
      {
        "text": "stop this",
        "userDefined": false
      }
    ],
    "isTemplate": false,
    "count": 0,
    "lang": "en",
    "updated": 0
  },
  {
    "id": "1f95b827-e4a4-4c50-a0ac-2c5a637e88ae",
    "data": [
      {
        "text": "end this",
        "userDefined": false
      }
    ],
    "isTemplate": false,
    "count": 0,
    "lang": "en",
    "updated": 0
  },
  {
    "id": "90c4e979-b529-486d-9881-0e8d2eb8c615",
    "data": [
      {
        "text": "end",
        "userDefined": false
      }
    ],
    "isTemplate": false,
    "count": 0,
    "lang": "en",
    "updated": 0
  },
  {
    "id": "8909d8b5-30d1-4358-8328-932e5dda70df",
    "data": [
      {
        "text": "quit",
        "userDefined": false
      }
    ],
    "isTemplate": false,
    "count": 0,
    "lang": "en",
    "updated": 0
  },
  {
    "id": "b732d11d-efe5-4169-bbd6-fe3a370ad5a9",
    "data": [
      {
        "text": "good bye",
        "userDefined": false
      }
    ],
    "isTemplate": false,
    "count": 0,
    "lang": "en",
    "updated": 0
  },
  {
    "id": "dd40ba07-ad42-4b1d-bcac-a3212c41c2ef",
    "data": [
      {
        "text": "bye",
        "userDefined": false
      }
    ],
    "isTemplate": false,
    "count": 0,
    "lang": "en",
    "updated": 0
  },
  {
    "id": "bc2c0686-2a9f-4b2c-a2cb-1769f9d3e451",
    "data": [
      {
        "text": "stop",
        "userDefined": false
      }
    ],
    "isTemplate": false,
    "count": 0,
    "lang": "en",
    "updated": 0
  }
]