[
  {
    "id": "bb90370d-5d16-4dfc-adef-b4ab79fef1f7",
    "data": [
      {
        "text": "Need to make an update",
        "userDefined": false
      }
    ],
    "isTemplate": false,
    "count": 0,
    "lang": "en",
    "updated": 0
  },
  {
    "id": "bc7c86b1-eaed-46b9-bc31-46986b04856e",
    "data": [
      {
        "text": "Update cake type to ",
        "userDefined": false
      },
      {
        "text": "cheese",
        "meta": "@TypeOfCake",
        "alias": "TypeOfcake",
        "userDefined": false
      },
      {
        "text": " for an order",
        "userDefined": false
      }
    ],
    "isTemplate": false,
    "count": 0,
    "lang": "en",
    "updated": 0
  },
  {
    "id": "a259dc4c-0916-4a1d-bd4d-05aea9ab5dff",
    "data": [
      {
        "text": "Change cake type",
        "userDefined": false
      }
    ],
    "isTemplate": false,
    "count": 0,
    "lang": "en",
    "updated": 0
  },
  {
    "id": "2682d1c0-50a5-4b4c-9898-3863a7f90aa0",
    "data": [
      {
        "text": "Change the type of cake scheduled on ",
        "userDefined": false
      },
      {
        "text": "Tuesday",
        "meta": "@sys.date",
        "alias": "date",
        "userDefined": false
      }
    ],
    "isTemplate": false,
    "count": 0,
    "lang": "en",
    "updated": 0
  },
  {
    "id": "ba83c4d5-4072-4f12-9b60-d086ac25b4bb",
    "data": [
      {
        "text": "Update an order scheduled on ",
        "userDefined": false
      },
      {
        "text": "August 15",
        "meta": "@sys.date",
        "alias": "date",
        "userDefined": false
      }
    ],
    "isTemplate": false,
    "count": 0,
    "lang": "en",
    "updated": 0
  },
  {
    "id": "6548cfc5-2077-4b6c-a09d-110323c4accb",
    "data": [
      {
        "text": "Makes changes to an order scheduled on ",
        "userDefined": false
      },
      {
        "text": "August 15",
        "meta": "@sys.date",
        "alias": "date",
        "userDefined": false
      }
    ],
    "isTemplate": false,
    "count": 0,
    "lang": "en",
    "updated": 0
  },
  {
    "id": "abb52399-b071-44b9-811e-d9f1ea68c877",
    "data": [
      {
        "text": "Type of cake needs to change",
        "userDefined": false
      }
    ],
    "isTemplate": false,
    "count": 0,
    "lang": "en",
    "updated": 0
  },
  {
    "id": "c546e3a4-b429-4420-9869-13ce0b81b143",
    "data": [
      {
        "text": "Update an order",
        "userDefined": false
      }
    ],
    "isTemplate": false,
    "count": 0,
    "lang": "en",
    "updated": 0
  },
  {
    "id": "36d91307-5315-448c-8aa9-1fbe49cb66ef",
    "data": [
      {
        "text": "Change order",
        "userDefined": false
      }
    ],
    "isTemplate": false,
    "count": 0,
    "lang": "en",
    "updated": 0
  },
  {
    "id": "32594bc4-7b2e-4f71-b2a8-ed0ff93036c4",
    "data": [
      {
        "text": "Update icing",
        "userDefined": false
      }
    ],
    "isTemplate": false,
    "count": 0,
    "lang": "en",
    "updated": 0
  },
  {
    "id": "6b0fe6f0-9498-4b38-9087-13b838450227",
    "data": [
      {
        "text": "Update the cake type",
        "userDefined": false
      }
    ],
    "isTemplate": false,
    "count": 0,
    "lang": "en",
    "updated": 0
  },
  {
    "id": "2736172d-90c3-4988-80f6-c6d7e25d6c15",
    "data": [
      {
        "text": "Update the cake type to ",
        "userDefined": false
      },
      {
        "text": "chocolate",
        "meta": "@TypeOfCake",
        "alias": "TypeOfcake",
        "userDefined": false
      }
    ],
    "isTemplate": false,
    "count": 0,
    "lang": "en",
    "updated": 0
  },
  {
    "id": "bb5ab77e-389e-4d64-a422-23223d81643b",
    "data": [
      {
        "text": "Makes changes in cake type",
        "userDefined": false
      }
    ],
    "isTemplate": false,
    "count": 0,
    "lang": "en",
    "updated": 0
  },
  {
    "id": "e06e000e-4a24-4e84-9e8b-466ef90f212f",
    "data": [
      {
        "text": "Need to update the cake type to ",
        "userDefined": false
      },
      {
        "text": "cheese",
        "meta": "@TypeOfCake",
        "alias": "TypeOfcake",
        "userDefined": false
      }
    ],
    "isTemplate": false,
    "count": 0,
    "lang": "en",
    "updated": 0
  },
  {
    "id": "dd7609ec-de0b-4150-b1df-549bb5d9c62b",
    "data": [
      {
        "text": "I need to update an existing order",
        "userDefined": false
      }
    ],
    "isTemplate": false,
    "count": 0,
    "lang": "en",
    "updated": 0
  },
  {
    "id": "bc5430ec-5614-404f-9863-8a417f9cae1f",
    "data": [
      {
        "text": "Change the order scheduled on ",
        "userDefined": false
      },
      {
        "text": "Wednesday",
        "meta": "@sys.date",
        "alias": "date",
        "userDefined": false
      }
    ],
    "isTemplate": false,
    "count": 0,
    "lang": "en",
    "updated": 0
  },
  {
    "id": "3ec670ed-0c0f-41cc-b621-d6a5e9f4fa0d",
    "data": [
      {
        "text": "Update",
        "userDefined": false
      }
    ],
    "isTemplate": false,
    "count": 0,
    "lang": "en",
    "updated": 0
  },
  {
    "id": "d22c6f6c-24ef-48d1-bc42-2b37d15bec27",
    "data": [
      {
        "text": "Change",
        "userDefined": false
      }
    ],
    "isTemplate": false,
    "count": 0,
    "lang": "en",
    "updated": 0
  },
  {
    "id": "29c64115-d0d1-48e1-aaa0-591e75dddafb",
    "data": [
      {
        "text": "Change ",
        "userDefined": false
      },
      {
        "text": "tomorrow",
        "meta": "@sys.date",
        "alias": "date",
        "userDefined": false
      },
      {
        "text": "\u0027s order to ",
        "userDefined": false
      },
      {
        "text": "vanilla",
        "meta": "@TypeOfCake",
        "alias": "TypeOfcake",
        "userDefined": false
      },
      {
        "text": " cake",
        "userDefined": false
      }
    ],
    "isTemplate": false,
    "count": 0,
    "lang": "en",
    "updated": 0
  },
  {
    "id": "d0a36c8e-e826-42df-99f0-c84e7da82723",
    "data": [
      {
        "text": "Change the cake icing to ",
        "userDefined": false
      },
      {
        "text": "chocolate",
        "meta": "@TypeOfCake",
        "alias": "TypeOfcake",
        "userDefined": false
      }
    ],
    "isTemplate": false,
    "count": 0,
    "lang": "en",
    "updated": 0
  },
  {
    "id": "dd77d113-fe84-42ea-a62c-1d8205fdc7d2",
    "data": [
      {
        "text": "Change the cake type to ",
        "userDefined": false
      },
      {
        "text": "cheese",
        "meta": "@TypeOfCake",
        "alias": "TypeOfcake",
        "userDefined": false
      }
    ],
    "isTemplate": false,
    "count": 0,
    "lang": "en",
    "updated": 0
  },
  {
    "id": "5388d1b2-e29d-43c5-a9f4-f76faca32273",
    "data": [
      {
        "text": "Update the type of cake to ",
        "userDefined": false
      },
      {
        "text": "vanilla",
        "meta": "@TypeOfCake",
        "alias": "TypeOfcake",
        "userDefined": false
      },
      {
        "text": " on ",
        "userDefined": false
      },
      {
        "text": "August 12",
        "meta": "@sys.date",
        "alias": "date",
        "userDefined": false
      },
      {
        "text": " at ",
        "userDefined": false
      },
      {
        "text": "10am",
        "meta": "@sys.time",
        "alias": "time",
        "userDefined": false
      }
    ],
    "isTemplate": false,
    "count": 0,
    "lang": "en",
    "updated": 0
  },
  {
    "id": "6e97c7f4-58d9-4085-907e-b170e692f948",
    "data": [
      {
        "text": "Change the type of cake to ",
        "userDefined": false
      },
      {
        "text": "chocolate",
        "meta": "@TypeOfCake",
        "alias": "TypeOfcake",
        "userDefined": false
      },
      {
        "text": " on ",
        "userDefined": false
      },
      {
        "text": "Wednesday",
        "meta": "@sys.date",
        "alias": "date",
        "userDefined": false
      },
      {
        "text": " ",
        "userDefined": false
      },
      {
        "text": "12am",
        "meta": "@sys.time",
        "alias": "time",
        "userDefined": false
      }
    ],
    "isTemplate": false,
    "count": 0,
    "lang": "en",
    "updated": 0
  },
  {
    "id": "57ada1ce-0522-4d5c-968f-b828e18fcf84",
    "data": [
      {
        "text": "Update existing order on ",
        "userDefined": false
      },
      {
        "text": "August 8",
        "meta": "@sys.date",
        "alias": "date",
        "userDefined": false
      },
      {
        "text": " at ",
        "userDefined": false
      },
      {
        "text": "3pm",
        "meta": "@sys.time",
        "alias": "time",
        "userDefined": false
      },
      {
        "text": " to ",
        "userDefined": false
      },
      {
        "text": "vanilla",
        "meta": "@TypeOfCake",
        "alias": "TypeOfcake",
        "userDefined": false
      },
      {
        "text": " cake",
        "userDefined": false
      }
    ],
    "isTemplate": false,
    "count": 0,
    "lang": "en",
    "updated": 0
  },
  {
    "id": "5d40dc7c-4451-4188-9326-2bd1f85cd8e6",
    "data": [
      {
        "text": "Update order on ",
        "userDefined": false
      },
      {
        "text": "August 8",
        "meta": "@sys.date",
        "alias": "date",
        "userDefined": true
      },
      {
        "text": " at ",
        "userDefined": false
      },
      {
        "text": "3pm",
        "meta": "@sys.time",
        "alias": "time",
        "userDefined": true
      },
      {
        "text": " to ",
        "userDefined": false
      },
      {
        "text": "vanilla",
        "meta": "@TypeOfCake",
        "alias": "TypeOfcake",
        "userDefined": false
      },
      {
        "text": " cake",
        "userDefined": false
      }
    ],
    "isTemplate": false,
    "count": 0,
    "lang": "en",
    "updated": 0
  }
]